Activity Type,Date,Favorite,Title,Distance,Calories,Time,Avg HR,Max HR,Aerobic TE,Avg Run Cadence,Max Run Cadence,Avg Pace,Best Pace,Total Ascent,Total Descent,Avg Stride Length,Avg Vertical Ratio,Avg Vertical Oscillation,Avg Ground Contact Time,Avg GAP,Normalized Power® (NP®),Training Stress Score®,Avg Power,Max Power,Steps,Decompression,Best Lap Time,Number of Laps,Avg Resp,Min Resp,Max Resp,Moving Time,Elapsed Time,Min Elevation,Max Elevation
Running,2025-07-21 09:10:09,false,"Toronto Running","7.28","555","00:43:40","131","147","3.1","155","169","6:00","5:17","96","96","1.07","8.9","9.6","296","5:57","327","0.0","322","547","6,730","No","00:01:36.3","8","--","--","--","00:43:35","00:44:38","69","117"
Running,2025-07-18 08:41:22,false,"Toronto Running","21.16","1,656","01:59:22","146","169","5.0","158","179","5:38","4:28","265","239","1.12","8.6","9.7","286","5:34","356","0.0","347","589","18,786","No","00:01:12.4","22","--","--","--","01:59:04","02:03:58","62","129"
Running,2025-07-17 06:47:58,false,"Toronto Running","5.85","443","00:36:30","127","144","2.9","153","160","6:14","5:30","53","46","1.05","9.1","9.5","303","6:08","317","0.0","311","443","5,552","No","00:05:13.7","6","--","--","--","00:36:11","00:38:06","97","115"
Running,2025-07-15 06:34:45,false,"Toronto Running","11.58","877","01:03:49","142","157","4.0","156","190","5:31","3:56","120","111","1.15","8.6","9.9","288","5:31","355","0.0","349","557","9,948","No","00:03:02.2","12","--","--","--","01:03:34","01:11:08","70","115"
Running,2025-07-11 06:21:13,false,"Toronto Running","16.37","1,275","01:34:27","142","159","4.6","154","174","5:46","4:35","131","134","1.12","8.7","9.7","288","5:43","339","0.0","331","467","14,670","No","00:03:25.5","17","--","--","--","01:33:15","01:38:35","70","116"
Running,2025-07-10 06:49:20,false,"Toronto Running","5.88","441","00:34:46","132","146","3.1","154","161","5:55","4:58","42","50","1.09","8.9","9.7","296","5:53","327","0.0","321","462","5,324","No","00:05:11.9","6","--","--","--","00:34:40","00:36:34","92","121"
Running,2025-07-08 08:30:27,false,"Toronto Running","11.54","885","01:04:42","141","154","4.1","156","169","5:36","3:58","100","104","1.14","8.6","9.8","289","5:35","347","0.0","342","512","10,070","No","00:02:59.6","12","--","--","--","01:04:24","01:07:48","68","114"
Running,2025-07-04 07:44:56,false,"Prince Edward Running","14.16","1,085","01:20:42","141","154","4.3","157","167","5:42","5:05","99","100","1.12","8.7","9.7","290","5:41","338","0.0","335","500","12,638","No","00:00:52.7","15","--","--","--","01:20:37","01:22:26","74","109"
Running,2025-07-01 06:50:12,false,"Toronto Running","6.66","515","00:36:28","142","161","3.8","156","174","5:29","4:51","76","68","1.17","8.5","9.9","287","5:26","363","0.0","356","512","5,684","No","00:03:21.6","7","--","--","--","00:36:24","00:37:17","78","117"
Running,2025-06-30 06:40:59,false,"Toronto Running","8.47","649","00:47:28","139","155","3.8","156","180","5:36","4:42","104","106","1.15","8.6","9.9","291","5:33","355","0.0","347","540","7,362","No","00:02:21.3","9","--","--","--","00:47:22","00:48:09","72","125"
Running,2025-06-27 14:52:15,false,"Toronto Running","10.83","864","01:01:09","146","165","4.4","153","174","5:39","3:40","152","153","1.16","8.7","10.0","296","5:35","361","0.0","351","599","9,300","No","00:05:21.2","11","--","--","--","01:00:52","01:04:05","56","110"
Running,2025-06-26 09:48:40,false,"Toronto Running","11.75","905","01:06:09","141","162","4.2","154","169","5:38","3:57","221","216","1.15","8.6","9.9","292","5:31","376","0.0","361","615","10,174","No","00:04:10.0","12","--","--","--","01:05:48","01:07:46","71","117"
Running,2025-06-23 06:53:54,false,"Toronto Running","6.83","537","00:38:52","139","163","3.7","152","172","5:42","4:28","76","73","1.14","8.7","9.9","294","5:39","347","0.0","339","506","5,936","No","00:04:24.3","7","--","--","--","00:38:37","00:40:13","72","112"
Running,2025-06-19 14:13:37,false,"Toronto Running","7.02","560","00:41:04","140","160","3.6","153","167","5:51","5:08","138","145","1.11","8.8","9.8","297","5:39","354","0.0","337","606","6,258","No","00:00:06.0","8","--","--","--","00:40:47","00:43:26","62","117"
Running,2025-06-13 07:39:51,false,"Portland - Base","10.29","791","00:57:21","140","159","3.9","155","165","5:35","4:05","103","112","1.16","8.6","9.9","288","5:31","353","0.0","345","585","8,932","No","00:02:15.7","11","--","--","--","00:56:55","00:59:19","-4","54"
Running,2025-06-04 09:24:13,false,"Toronto Running","11.51","897","01:04:12","142","159","4.1","155","172","5:35","3:09","229","182","1.15","8.6","9.8","287","5:26","366","0.0","355","754","9,972","No","00:02:40.4","12","--","--","--","01:03:33","01:09:04","69","116"
Running,2025-06-02 15:52:08,false,"Toronto - VO2 Max","8.84","688","00:46:50","148","171","4.3","157","179","5:18","3:41","163","176","1.19","8.4","9.8","281","5:14","409","0.0","366","765","7,366","No","00:02:00","14","--","--","--","00:46:34","00:50:19","54","104"
Running,2025-05-29 17:28:59,false,"Transylvania County Running","8.01","635","00:47:50","137","159","3.3","153","163","5:58","4:29","102","122","1.10","8.9","9.7","297","5:51","337","0.0","329","496","7,306","No","00:00:02.4","9","--","--","--","00:47:23","00:50:28","662","729"
Running,2025-05-27 15:34:34,false,"Toronto - Base","10.66","822","00:59:31","138","153","3.7","155","196","5:35","4:19","136","131","1.14","8.6","9.8","287","5:33","352","0.0","346","569","9,288","No","00:04:31.3","11","--","--","--","00:59:08","01:05:04","53","109"
Running,2025-05-23 15:26:42,false,"Toronto Running","11.29","853","01:02:53","136","151","3.7","156","167","5:34","3:40","252","184","1.15","8.6","9.8","288","5:21","394","0.0","370","681","9,824","No","00:01:34.7","12","--","--","--","01:02:29","01:08:09","57","143"
Running,2025-05-19 12:55:35,false,"Toronto Running","11.54","811","01:01:09","131","147","3.5","154","167","5:18","3:25","223","156","1.21","8.4","10.1","285","5:11","391","0.0","378","876","9,448","No","00:02:48.5","12","--","--","--","01:00:30","01:06:14","71","112"
Running,2025-05-16 08:38:05,false,"Toronto Running","14.02","1,092","01:17:40","142","153","4.1","156","171","5:32","4:35","95","89","1.16","8.6","9.9","289","5:31","351","0.0","347","530","12,048","No","00:00:05.3","15","--","--","--","01:17:28","01:20:31","67","112"
Running,2025-05-14 15:43:13,false,"Toronto Running","9.49","718","00:52:55","136","149","3.4","155","165","5:35","4:13","120","106","1.16","8.6","9.9","291","5:29","359","0.0","352","549","8,152","No","00:02:36.2","10","--","--","--","00:52:43","00:55:40","65","109"
Running,2025-05-12 14:55:53,false,"Toronto Running","9.76","774","00:52:51","147","165","4.1","154","179","5:25","3:51","176","162","1.19","8.4","10.1","287","5:18","372","0.0","362","774","8,160","No","00:04:12.8","10","--","--","--","00:52:26","01:00:23","60","103"
Running,2025-05-09 15:18:55,false,"Toronto Running","7.76","561","00:40:56","134","146","3.3","155","169","5:17","4:10","108","98","1.21","8.4","10.1","284","5:12","383","0.0","372","555","6,360","No","00:04:04.1","8","--","--","--","00:40:49","00:42:46","78","122"
Running,2025-05-04 08:44:31,false,"Toronto Running","21.35","1,685","01:49:01","158","174","5.0","164","176","5:06","3:09","189","267","1.19","8.1","9.6","270","5:07","378","0.0","371","725","17,772","No","00:01:44.1","22","--","--","--","01:48:54","01:49:01","70","170"
Running,2025-05-01 07:56:00,false,"Austin Running","5.08","397","00:29:15","138","154","3.0","155","165","5:46","4:38","22","34","1.11","8.8","9.7","293","5:47","333","0.0","330","460","4,518","No","00:00:24.3","6","--","--","--","00:29:09","00:29:15","119","143"
Running,2025-04-29 14:06:24,false,"Austin Running","5.81","453","00:32:58","137","157","3.1","155","165","5:40","3:50","53","65","1.14","8.7","9.9","294","5:40","347","0.0","342","511","5,072","No","00:04:35.6","6","--","--","--","00:32:56","00:32:58","114","142"
Running,2025-04-25 09:53:53,false,"Toronto Running","13.56","1,036","01:13:54","140","154","3.8","157","178","5:27","4:35","283","328","1.17","8.5","9.9","286","5:20","382","0.0","365","626","11,548","No","00:03:03.8","14","--","--","--","01:13:47","01:17:30","59","121"
Running,2025-04-23 15:34:21,false,"Toronto Running","11.08","840","00:56:14","145","161","4.2","158","182","5:05","3:59","263","198","1.24","8.1","10.0","273","4:59","409","0.0","389","675","8,860","No","00:01:09.2","12","--","--","--","00:55:29","00:59:51","68","114"
Running,2025-04-21 10:10:20,false,"Toronto - Stride Repeats","9.00","652","00:48:02","134","155","3.4","157","200","5:20","2:59","126","89","1.18","8.4","9.8","283","5:14","388","0.0","370","703","7,498","No","00:00:20","25","--","--","--","00:47:50","00:51:48","92","120"
Running,2025-04-19 10:18:19,false,"Toronto Running","19.01","1,491","01:43:45","145","161","4.8","158","192","5:27","3:16","220","214","1.16","8.4","9.7","282","5:23","377","0.0","367","646","16,432","No","00:00:03.0","20","--","--","--","01:43:10","01:50:38","58","122"
Running,2025-04-17 15:38:26,false,"Toronto Running","10.60","820","00:56:41","143","157","4.0","156","182","5:21","3:51","133","144","1.19","8.4","10.0","286","5:19","378","0.0","368","610","8,782","No","00:03:28.4","11","--","--","--","00:56:27","00:57:45","64","117"
Running,2025-04-14 15:34:04,false,"Toronto - Stride Repeats","9.01","699","00:47:44","146","164","3.8","158","197","5:18","3:13","111","112","1.18","8.4","9.8","281","5:14","385","0.0","372","691","7,508","No","00:00:07.5","25","18","18","18","00:47:36","00:48:25","61","107"
Running,2025-04-11 09:03:16,false,"Toronto Running","17.01","1,378","01:37:13","145","164","4.6","157","169","5:43","4:36","180","134","1.11","8.7","9.7","289","5:37","351","0.0","344","550","15,250","No","00:00:02.4","18","--","--","--","01:36:55","01:40:09","59","128"
Running,2025-04-09 16:01:15,false,"Toronto - Progression Run","10.01","707","00:51:58","131","147","3.5","157","174","5:11","3:35","145","91","1.22","8.3","10.0","279","5:09","391","0.0","378","673","8,154","No","00:00:36.4","12","--","--","--","00:51:42","00:57:38","75","127"
Running,2025-04-07 13:19:23,false,"Toronto - Stride Repeats","7.54","556","00:39:52","137","153","3.5","158","197","5:17","2:55","113","79","1.18","8.4","9.7","280","5:12","389","0.0","374","646","6,268","No","00:00:16.6","24","--","--","--","00:39:43","00:40:10","62","106"
Running,2025-04-05 15:24:54,false,"Toronto Running","10.02","658","00:49:39","129","143","3.4","162","172","4:57","3:44","75","78","1.25","8.0","10.0","270","4:56","391","0.0","387","538","7,978","No","00:00:06.1","11","--","--","--","00:49:35","00:50:11","62","109"
Running,2025-04-03 15:13:05,false,"Toronto Running","13.56","1,077","01:15:57","147","158","4.4","156","168","5:36","4:18","139","144","1.14","8.6","9.8","288","5:34","360","0.0","352","575","11,842","No","00:03:04.0","14","--","--","--","01:15:40","01:18:58","57","103"
Running,2025-03-31 16:22:30,false,"Toronto Running","10.48","807","00:55:39","144","164","4.3","159","188","5:19","4:21","162","150","1.18","8.4","9.9","281","5:13","392","0.0","379","657","8,792","No","00:02:28.0","11","--","--","--","00:55:31","00:58:01","72","131"
Running,2025-03-27 14:57:31,false,"Toronto Running","13.50","997","01:15:18","135","153","3.9","157","169","5:35","4:42","162","155","1.14","8.6","9.8","288","5:32","366","0.0","360","560","11,778","No","00:02:41.8","14","--","--","--","01:15:08","01:18:59","73","118"
Running,2025-03-25 14:56:17,false,"Toronto Running","9.02","717","00:49:50","145","160","4.1","156","192","5:32","4:15","142","138","1.16","8.5","9.9","287","5:23","378","0.0","365","571","7,778","No","00:00:05.2","10","--","--","--","00:49:33","00:50:45","61","111"
Running,2025-03-21 15:19:47,false,"Toronto Running","13.02","942","01:13:42","129","151","3.6","154","170","5:40","3:25","116","102","1.14","8.7","9.9","292","5:37","348","0.0","345","656","11,360","No","00:00:04.3","14","--","--","--","01:13:28","01:20:12","80","119"
Running,2025-03-19 15:35:54,false,"Toronto Running","11.08","845","01:02:13","141","155","3.9","153","170","5:37","3:25","135","132","1.15","8.6","9.9","293","5:32","365","0.0","353","690","9,548","No","00:00:25.7","12","--","--","--","01:02:00","01:06:52","69","110"
Running,2025-03-18 15:38:53,false,"Toronto Running","11.61","839","01:04:16","133","150","3.6","155","170","5:32","3:34","118","101","1.16","8.6","10.0","290","5:28","360","0.0","353","627","9,932","No","00:03:19.5","12","--","--","--","01:03:57","01:06:51","69","107"
Running,2025-03-14 09:06:25,false,"Vancouver Running","10.01","759","00:55:08","140","150","3.7","156","165","5:30","3:33","70","45","1.16","8.6","9.9","288","5:27","358","0.0","353","517","8,606","No","00:00:03.0","11","--","--","--","00:54:57","00:55:21","-24","8"
Running,2025-03-06 09:29:03,false,"Toronto Running","11.73","879","01:08:10","132","154","3.6","154","223","5:49","4:12","161","138","1.11","8.8","9.8","296","5:45","358","0.0","347","539","10,432","No","00:04:05.5","12","--","--","--","01:07:59","01:11:10","70","114"
Running,2025-02-26 15:56:25,false,"Toronto Running","9.32","700","00:49:11","142","157","4.0","157","167","5:16","3:30","61","66","1.21","8.3","10.0","282","5:15","368","0.0","364","581","7,708","No","00:01:45.3","10","--","--","--","00:48:58","00:51:23","65","114"
Running,2025-02-24 15:28:00,false,"Toronto Running","10.26","797","00:55:20","144","162","4.2","155","169","5:24","3:57","103","98","1.19","8.4","10.0","287","5:19","379","0.0","373","601","8,580","No","00:01:29.7","11","--","--","--","00:55:13","00:58:51","63","107"
Running,2025-02-21 15:37:32,false,"Toronto Running","9.68","725","00:57:31","129","149","3.4","155","169","5:56","3:55","98","72","1.09","8.8","9.6","295","5:50","337","0.0","330","523","8,860","No","00:04:08.5","10","--","--","--","00:57:19","00:59:11","64","111"
Running,2025-02-13 15:32:24,false,"Douglas County Running","8.26","621","00:46:35","136","147","3.4","154","181","5:38","4:33","137","112","1.14","8.7","9.9","292","5:31","375","0.0","363","538","7,154","No","00:01:35.2","9","--","--","--","00:46:19","00:47:17","1,706","1,760"
Running,2025-02-10 15:38:35,false,"Toronto Running","10.02","756","00:54:00","141","157","3.8","156","179","5:23","3:19","88","97","1.19","8.4","10.0","286","5:22","366","0.0","358","580","8,386","No","00:00:06.0","11","--","--","--","00:53:48","00:55:16","61","117"
Running,2025-02-08 15:53:28,false,"Toronto Running","16.33","1,228","01:30:09","139","154","4.3","156","163","5:31","4:33","128","91","1.16","8.6","9.9","288","5:29","357","0.0","353","532","14,020","No","00:01:46.6","17","--","--","--","01:29:56","01:34:12","63","114"
Running,2025-02-06 13:52:05,false,"Toronto Running","12.01","942","01:09:31","142","163","3.9","154","163","5:47","4:20","144","110","1.12","8.8","9.8","294","5:43","347","0.0","339","544","10,692","No","00:00:03.8","13","--","--","--","01:09:18","01:13:17","66","129"
Running,2025-02-04 13:42:50,false,"Toronto Running","10.05","763","00:57:00","130","150","3.5","156","167","5:40","4:15","80","65","1.13","8.7","9.8","291","5:37","348","0.0","343","505","8,836","No","00:00:14.8","11","--","--","--","00:56:56","00:59:28","77","125"
Running,2025-01-28 13:06:23,false,"Toronto Running","12.02","851","01:04:57","132","149","3.7","155","165","5:24","3:24","122","66","1.18","8.4","10.0","286","5:22","367","0.0","362","628","10,126","No","00:00:07.4","13","--","--","--","01:04:20","01:10:09","67","134"
Running,2025-01-24 08:07:00,false,"Austin Running","10.79","767","01:01:23","128","146","3.3","154","172","5:42","4:56","94","81","1.14","8.7","9.9","294","5:39","350","0.0","343","533","9,434","No","00:04:33.1","11","--","--","--","01:01:06","01:09:51","126","153"
Running,2025-01-23 07:57:03,false,"Austin Running","16.43","1,262","01:31:54","132","150","4.5","154","167","5:36","4:41","105","78","1.15","8.6","10.0","293","5:33","353","0.0","349","465","14,108","No","00:02:15.0","17","--","--","--","01:31:41","01:34:15","122","142"
Running,2025-01-22 17:42:33,false,"Austin Running","4.34","321","00:23:37","138","152","3.2","148","161","5:26","4:12","70","24","1.23","8.5","10.4","296","5:14","383","0.0","369","564","3,534","No","00:01:52.0","5","--","--","--","00:23:10","00:26:07","141","197"
Running,2025-01-10 12:16:59,false,"Toronto Running","11.50","932","01:08:17","147","165","4.1","152","163","5:56","4:12","141","125","1.11","8.9","9.8","301","5:51","345","0.0","337","520","10,346","No","00:02:49.0","12","--","--","--","01:07:52","01:11:53","66","130"
Running,2025-01-07 13:25:56,false,"Toronto Running","11.66","921","01:08:44","143","165","3.9","152","161","5:54","3:45","166","138","1.11","8.8","9.8","299","5:48","350","0.0","338","605","10,392","No","00:03:48.9","12","--","--","--","01:08:36","01:14:00","65","143"
Running,2024-12-31 14:03:43,false,"Toronto Running","9.03","685","00:50:38","139","150","3.6","155","163","5:37","4:12","99","84","1.15","8.6","9.9","291","5:32","358","0.0","351","655","7,828","No","00:00:08.3","10","--","--","--","00:50:25","00:51:43","73","116"
Running,2024-12-26 11:59:12,false,"Hamilton Running","15.84","1,233","01:25:59","150","163","4.9","159","172","5:26","3:55","101","99","1.16","8.4","9.8","283","5:25","358","0.0","353","513","13,524","No","00:04:23.4","16","--","--","--","01:25:45","01:25:59","57","101"
Running,2024-12-18 10:40:11,false,"Toronto Running","13.82","1,056","01:17:28","139","155","4.2","154","169","5:36","4:05","175","124","1.15","8.6","9.9","294","5:32","366","0.0","354","631","11,844","No","00:04:29.4","14","--","--","--","01:17:07","01:21:42","71","136"
Running,2024-12-16 15:05:35,false,"Toronto Running","10.36","773","00:58:37","136","153","3.6","153","165","5:39","4:12","111","103","1.15","8.7","10.0","295","5:36","349","0.0","344","565","8,958","No","00:01:57.8","11","--","--","--","00:58:21","01:02:14","60","109"
Running,2024-12-13 13:49:12,false,"Toronto Running","11.63","890","01:06:59","139","152","3.8","153","182","5:46","4:27","200","178","1.13","8.8","9.9","297","5:36","357","0.0","344","591","10,190","No","00:03:30.6","12","--","--","--","01:06:39","01:14:39","58","114"
Running,2024-12-10 14:40:29,false,"Toronto Running","15.36","1,171","01:27:19","142","158","4.3","153","163","5:41","3:12","148","137","1.15","8.7","10.0","296","5:39","352","0.0","344","640","13,274","No","00:02:00.9","16","--","--","--","01:26:52","01:29:34","78","129"
Running,2024-12-08 12:51:14,false,"Vaughan Running","10.16","756","00:58:50","135","148","3.4","152","159","5:47","4:08","142","128","1.14","8.8","10.0","300","5:40","350","0.0","340","548","8,902","No","00:00:51.4","11","--","--","--","00:58:35","01:01:48","151","202"
Running,2024-12-04 15:45:37,false,"Toronto Running","7.03","505","00:40:33","128","154","3.1","152","171","5:46","5:13","64","70","1.12","8.8","9.8","295","5:44","356","0.0","349","520","6,226","No","00:00:11.3","8","--","--","--","00:40:28","00:43:22","77","120"
Running,2024-12-01 12:31:39,false,"Toronto Running","12.01","910","01:06:30","143","159","4.1","154","178","5:32","3:51","165","150","1.17","8.6","10.0","292","5:26","378","0.0","366","690","10,198","No","00:00:03.3","13","--","--","--","01:06:09","01:08:45","72","112"
Running,2024-11-25 15:45:37,false,"Toronto Running","9.10","668","00:51:33","135","153","3.4","152","165","5:40","4:56","60","59","1.15","8.7","10.0","296","5:41","346","0.0","340","473","7,850","No","00:00:35.0","10","--","--","--","00:51:10","00:55:25","82","115"
Running,2024-11-23 13:26:54,false,"Toronto Running","15.10","1,136","01:25:05","141","163","4.3","154","165","5:38","3:29","165","149","1.15","8.7","9.9","294","5:35","366","0.0","354","575","13,000","No","00:00:31.7","16","--","--","--","01:24:58","01:29:13","71","120"
Running,2024-11-21 14:03:16,false,"Toronto Running","9.61","766","00:58:55","141","162","3.5","149","163","6:08","4:30","61","52","1.09","9.0","9.8","308","6:06","316","0.0","313","465","8,794","No","00:03:45.4","10","--","--","--","00:58:29","01:13:44","72","109"
Running,2024-11-18 15:15:21,false,"Toronto Running","11.18","831","01:02:44","138","153","3.7","149","161","5:37","3:34","116","164","1.19","8.7","10.3","303","5:35","358","0.0","350","580","9,362","No","00:00:58.9","12","--","--","--","01:02:24","01:06:15","66","118"
Running,2024-11-14 13:30:35,false,"Toronto Running","10.01","766","00:55:26","144","159","3.9","153","176","5:32","4:20","94","76","1.18","8.6","10.1","294","5:28","370","0.0","361","539","8,426","No","00:00:04.1","11","--","--","--","00:55:15","00:59:12","73","117"
Running,2024-11-12 13:35:19,false,"Toronto Running","11.74","833","01:05:23","130","155","3.6","150","165","5:34","3:53","165","150","1.19","8.6","10.2","299","5:29","371","0.0","360","573","9,812","No","00:04:07.6","12","--","--","--","01:04:59","01:12:25","75","125"
Running,2024-11-06 14:23:13,false,"Toronto Running","11.87","879","01:09:06","137","154","3.5","152","183","5:49","4:38","149","141","1.12","8.8","9.9","298","5:43","350","0.0","339","605","10,496","No","00:04:51.7","12","--","--","--","01:08:37","01:13:41","67","112"
Running,2024-11-02 15:50:04,false,"Frontenac Islands Running","10.01","738","00:54:53","141","149","3.5","155","163","5:29","5:06","78","64","1.17","8.6","10.0","290","5:27","355","0.0","350","542","8,434","No","00:00:02.2","11","--","--","--","00:54:45","00:54:53","136","169"
Running,2024-10-30 15:15:53,false,"Toronto Running","10.01","769","00:57:44","141","160","3.6","154","240","5:46","4:21","96","97","1.12","8.8","9.8","294","5:45","357","0.0","348","545","8,804","No","00:00:03.4","11","--","--","--","00:57:13","01:02:15","69","109"
Running,2024-10-27 08:31:30,false,"Niagara Falls - Niagara Falls Marathon (Half Marathon)","21.28","1,704","02:01:28","154","176","5.0","157","174","5:43","4:37","84","80","1.11","8.6","9.5","285","5:43","339","0.0","331","489","18,976","No","00:00:27.4","23","--","--","--","01:59:45","02:02:02","151","179"
Running,2024-10-24 16:27:59,false,"Toronto - Easy Run","4.71","336","00:28:12","127","143","2.7","149","168","5:59","4:30","36","24","1.10","8.9","9.7","301","6:00","327","0.0","318","503","4,226","No","00:03:11.8","6","--","--","--","00:27:57","00:40:48","90","121"
Running,2024-10-22 15:39:35,false,"Douglas County - Stride Repeats","7.35","603","00:43:25","148","167","3.6","153","181","5:54","3:33","135","139","1.10","8.9","9.6","300","5:49","358","0.0","337","738","6,548","No","00:00:20","24","--","--","--","00:43:15","00:43:36","1,711","1,765"
Running,2024-10-20 15:31:01,false,"Chaffee County - Progression Run","7.73","560","00:44:46","131","146","3.1","154","165","5:48","4:52","112","127","1.12","8.8","9.8","298","5:43","353","0.0","339","596","6,824","No","00:03:02.1","9","--","--","--","00:44:44","00:44:46","2,513","2,580"
Running,2024-10-17 10:45:29,false,"Toronto - Stride Repeats","6.89","519","00:39:25","137","160","3.2","156","194","5:43","3:09","88","82","1.10","8.7","9.5","290","5:43","357","0.0","339","686","6,128","No","00:00:04.0","24","--","--","--","00:39:15","00:42:02","75","109"
Running,2024-10-15 16:20:04,false,"Toronto - Easy Run","5.59","416","00:33:59","127","141","2.7","155","187","6:04","5:18","82","65","1.07","8.9","9.5","297","5:56","335","0.0","326","496","5,250","No","00:03:39.3","7","--","--","--","00:33:46","00:34:35","82","127"
Running,2024-10-13 15:47:25,false,"Toronto - Stride Repeats","6.21","459","00:38:56","125","145","2.8","154","192","6:16","3:23","97","90","1.02","9.1","9.3","302","6:11","334","0.0","316","601","5,934","No","00:00:03.5","24","--","--","--","00:38:50","00:40:18","71","115"
Running,2024-10-10 14:27:13,false,"Toronto - Easy Run","14.91","1,087","01:28:41","132","145","3.5","152","173","5:57","4:23","82","92","1.09","8.9","9.7","298","5:59","322","0.0","318","550","13,534","No","00:00:08.9","17","--","--","--","01:28:20","01:37:01","66","111"
Running,2024-10-08 16:01:52,false,"Toronto - Progression Run","7.32","514","00:40:03","132","148","3.1","156","172","5:28","4:08","77","70","1.16","8.5","9.9","286","5:27","364","0.0","353","544","6,200","No","00:00:03.4","9","--","--","--","00:39:56","00:44:36","93","113"
Running,2024-10-07 15:20:00,false,"Toronto - Stride Repeats","7.41","530","00:42:14","134","150","3.1","154","195","5:42","3:07","80","86","1.12","8.7","9.6","291","5:42","353","0.0","337","625","6,506","No","00:00:20","24","--","--","--","00:41:54","00:47:04","72","116"
Running,2024-10-04 08:22:18,false,"Toronto - Easy Run","16.47","1,247","01:40:02","139","155","4.0","155","167","6:04","4:19","166","135","1.06","9.0","9.5","297","6:02","326","0.0","320","463","15,458","No","00:00:01.7","19","--","--","--","01:39:47","01:44:47","72","121"
Running,2024-10-02 15:05:09,false,"Toronto - Progression Run","11.57","861","01:06:17","141","156","3.6","153","171","5:44","4:11","110","111","1.14","8.7","9.9","296","5:40","349","0.0","341","589","10,084","No","00:00:31.3","13","--","--","--","01:05:54","01:10:58","72","114"
Running,2024-09-30 15:20:26,false,"Toronto - Stride Repeats","8.08","601","00:48:08","136","160","3.3","153","243","5:57","3:25","96","93","1.10","8.9","9.6","300","5:53","355","0.0","336","716","7,256","No","00:00:20","29","--","--","--","00:47:59","00:52:39","71","112"
Running,2024-09-27 08:39:18,false,"Toronto - Easy Run","18.28","1,366","02:00:05","132","150","3.7","153","200","6:34","4:23","165","129","0.99","9.3","9.2","306","6:32","302","0.0","297","468","18,238","No","00:00:05.1","21","--","--","--","01:59:36","02:05:35","73","135"
Running,2024-09-25 08:33:51,false,"Toronto - Progression Run","9.98","743","01:00:08","138","161","3.4","153","176","6:02","4:21","27","50","1.07","9.0","9.5","298","6:08","319","0.0","314","448","9,210","No","00:00:08.0","12","--","--","--","00:59:41","01:05:13","73","109"
Running,2024-09-23 14:29:12,false,"Toronto - Stride Repeats","8.30","640","00:49:38","141","167","3.5","151","187","5:59","3:21","72","72","1.10","8.9","9.7","305","5:57","339","0.0","324","670","7,420","No","00:00:20","29","--","--","--","00:49:29","00:52:40","70","111"
Running,2024-09-20 06:49:57,false,"Austin - Easy Run","18.23","1,404","02:00:05","139","158","3.9","153","163","6:35","5:31","113","104","0.99","9.3","9.2","306","6:34","293","0.0","291","453","18,292","No","00:00:05.1","21","--","--","--","01:59:41","02:08:00","131","159"
Running,2024-09-18 07:19:13,false,"Austin - Progression Run","10.26","794","01:03:30","141","166","3.6","152","174","6:11","4:59","69","69","1.05","9.1","9.5","305","6:12","314","0.0","309","451","9,614","No","00:02:59.8","12","--","--","--","01:03:22","01:06:46","129","158"
Running,2024-09-15 09:20:40,false,"Toronto - Stride Repeats","8.16","609","00:45:55","143","168","3.6","155","205","5:38","3:12","45","77","1.13","8.6","9.7","291","5:41","347","0.0","333","658","7,078","No","00:00:04.1","28","--","--","--","00:45:33","00:48:15","72","111"
Running,2024-09-13 08:22:33,false,"Toronto - Easy Run","16.51","1,234","01:50:04","129","146","3.5","154","169","6:40","4:58","129","109","0.97","9.4","9.1","305","6:37","295","0.0","290","417","16,840","No","00:00:03.8","19","--","--","--","01:49:40","01:57:58","71","123"
Running,2024-09-11 08:36:53,false,"Toronto - Progression Run","10.66","787","01:00:18","142","161","3.8","155","175","5:39","3:28","22","51","1.13","8.7","9.8","291","5:45","335","0.0","329","585","9,320","No","00:00:02.2","13","--","--","--","00:59:46","01:03:22","76","112"
Running,2024-09-09 10:53:28,false,"Toronto - Stride Repeats","7.45","549","00:42:01","140","162","3.5","156","243","5:39","3:08","61","61","1.12","8.6","9.6","288","5:37","354","0.0","341","596","6,534","No","00:00:05.9","28","--","--","--","00:41:38","00:44:45","71","109"
Running,2024-09-06 08:27:14,false,"Toronto - Easy Run","15.49","1,175","01:40:15","136","152","3.7","152","225","6:28","3:13","53","83","1.01","9.2","9.3","306","6:29","301","0.0","296","596","15,194","No","00:00:15.4","18","--","--","--","01:39:45","01:44:47","79","116"
Running,2024-09-04 07:49:43,false,"Toronto - Progression Run","8.37","618","00:50:48","134","150","3.2","152","171","6:04","5:12","90","79","1.08","9.0","9.7","302","5:59","327","0.0","320","457","7,704","No","00:00:48.0","10","--","--","--","00:50:37","00:53:08","72","115"
Running,2024-09-01 08:48:33,false,"Toronto - Easy Run","8.22","626","00:51:33","136","154","3.3","151","171","6:16","5:18","79","83","1.05","9.1","9.5","302","6:14","318","0.0","309","428","7,804","No","00:01:32.5","10","--","--","--","00:50:53","00:52:26","70","110"
Running,2024-08-31 11:24:34,false,"Carling Running","6.92","517","01:03:02","115","151","2.3","130","250","9:06","6:15","88","77","0.84","9.2","7.6","332","8:56","228","0.0","197","451","8,402","No","00:07:14.5","7","--","--","--","01:02:39","01:10:30","192","213"
Running,2024-08-29 08:55:01,false,"Toronto - Easy Run","14.01","1,013","01:31:19","128","142","3.3","152","166","6:31","4:29","46","81","1.00","9.3","9.3","307","6:32","293","0.0","291","431","13,852","No","00:00:02.8","17","--","--","--","01:31:05","01:36:49","72","112"
Running,2024-08-27 08:14:01,false,"Toronto - Progression Run","8.12","618","00:50:06","138","159","3.3","151","161","6:10","4:49","61","57","1.06","9.1","9.6","306","6:08","316","0.0","311","443","7,546","No","00:00:05.6","10","--","--","--","00:49:56","00:54:51","77","114"
Running,2024-08-25 09:04:18,false,"Toronto - Stride Repeats","7.26","548","00:43:47","139","158","3.4","154","195","6:02","3:11","68","58","1.07","8.9","9.5","300","5:56","337","0.0","324","599","6,672","No","00:00:08.6","28","--","--","--","00:43:45","00:44:43","71","108"
Running,2024-08-23 08:19:54,false,"Toronto - Easy Run","12.23","907","01:20:06","133","146","3.4","151","163","6:33","3:19","52","81","1.01","9.3","9.3","308","6:34","295","0.0","289","601","12,102","No","00:00:06.4","15","--","--","--","01:19:38","01:25:25","67","112"
Running,2024-08-21 16:15:47,false,"Toronto - Progression Run","7.48","556","00:46:19","134","162","3.3","152","166","6:11","5:24","69","68","1.06","9.0","9.5","303","6:09","323","0.0","314","497","7,034","No","00:01:19.1","9","--","--","--","00:46:11","00:46:57","72","112"
Running,2024-08-18 08:40:35,false,"Toronto - Stride Repeats","7.29","548","00:47:01","132","154","3.2","152","200","6:27","3:27","59","58","1.02","9.2","9.2","307","6:21","316","0.0","305","581","7,114","No","00:00:20","28","--","--","--","00:46:52","00:49:35","77","112"
Running,2024-08-16 08:04:49,false,"Toronto - Easy Run","9.59","748","01:00:06","143","161","3.6","152","165","6:16","4:20","64","62","1.05","9.1","9.5","301","6:14","313","0.0","306","509","9,092","No","00:00:06.4","12","--","--","--","00:59:36","01:04:14","73","113"
Running,2024-08-14 08:30:06,false,"Toronto - Progression Run","7.00","542","00:44:58","136","160","3.3","153","167","6:25","5:21","65","57","1.01","9.2","9.3","305","6:22","312","0.0","302","508","6,864","No","00:00:21.7","9","--","--","--","00:44:37","00:44:58","75","113"
Running,2024-08-11 08:44:14,false,"Toronto - Stride Repeats","7.60","600","00:46:43","146","170","3.6","155","194","6:09","3:22","60","63","1.04","9.0","9.3","298","6:07","323","0.0","314","556","7,194","No","00:00:20","28","--","--","--","00:46:40","00:48:26","72","112"
Running,2024-08-09 08:14:00,false,"Toronto - Easy Run","7.49","572","00:50:06","134","154","3.1","152","183","6:41","3:04","68","63","0.98","9.4","9.1","309","6:38","297","0.0","291","585","7,596","No","00:00:05.6","10","--","--","--","00:49:57","00:50:43","78","118"
Running,2024-08-07 08:14:25,false,"Toronto - Stride Repeats","6.17","455","00:39:00","131","157","3.1","152","190","6:19","3:23","44","53","1.02","9.1","9.2","302","6:19","319","0.0","302","572","5,944","No","00:00:09.6","24","--","--","--","00:38:49","00:44:59","73","109"
Running,2024-08-04 08:08:29,false,"Wasaga Beach - Easy Run","5.84","439","00:40:06","129","145","2.7","150","176","6:52","5:39","10","18","0.97","9.4","9.1","312","6:52","280","0.0","274","360","6,046","No","00:00:04.7","9","--","--","--","00:39:54","00:40:06","176","190"
Running,2024-08-02 07:55:33,false,"Wasaga Beach - Stride Repeats","6.14","476","00:38:57","140","159","3.2","152","188","6:21","4:04","19","20","1.03","9.1","9.4","307","6:20","309","0.0","300","533","5,892","No","00:00:06.4","24","--","--","--","00:38:55","00:38:57","182","191"
Running,2024-07-31 07:37:37,false,"Toronto - Easy Run","5.59","442","00:36:23","140","164","3.2","149","171","6:30","3:49","67","66","1.01","9.3","9.3","309","6:28","305","0.0","293","540","5,472","No","00:01:23.0","8","--","--","--","00:35:59","00:38:47","74","113"
Running,2024-07-29 09:50:30,false,"Toronto - Easy Run","4.61","348","00:30:51","130","160","2.9","148","163","6:42","4:58","45","46","1.00","9.4","9.3","317","6:39","297","0.0","287","475","4,586","No","00:00:50.5","7","--","--","--","00:30:36","00:32:31","77","113"
Running,2024-07-26 09:07:52,false,"Toronto - Easy Run","4.86","376","00:35:05","127","145","2.6","147","163","7:13","5:49","60","66","0.94","9.6","9.0","325","7:03","280","0.0","269","440","5,182","No","00:00:04.9","8","--","--","--","00:34:52","00:36:18","72","111"
Running,2024-07-24 08:28:55,false,"Toronto - Easy Run","4.13","307","00:30:06","123","141","2.4","146","161","7:18","4:31","36","45","0.93","9.7","8.9","329","7:18","268","0.0","262","467","4,414","No","00:00:06.1","7","--","--","--","00:30:05","00:31:21","78","112"
Running,2024-07-22 09:16:39,false,"Toronto - Easy Run","4.25","314","00:30:11","125","141","2.5","145","177","7:06","5:31","23","59","0.98","9.4","9.2","331","7:09","272","0.0","263","425","4,380","No","00:00:10.9","7","--","--","--","00:29:56","00:31:16","75","116"
Running,2024-07-19 14:28:00,false,"Toronto Running","3.08","251","00:22:05","138","159","2.4","145","153","7:10","5:52","46","14","0.95","9.6","9.1","326","6:57","290","0.0","283","404","3,228","No","00:00:32.5","4","--","--","--","00:21:57","00:23:01","81","118"
Running,2024-07-19 14:14:37,false,"Toronto - Benchmark Run","1.31","108","00:09:19.6","134","158","2.0","137","231","7:08","4:38","5","36","1.02","9.3","9.4","329","7:07","269","0.0","247","430","1,318","No","00:00:19.6","4","--","--","--","00:08:49","00:10:57","81","115"
Running,2024-07-17 15:37:42,false,"Toronto Running","5.18","373","00:39:40","126","143","2.2","147","192","7:40","4:39","47","63","0.91","9.8","8.9","328","7:32","252","0.0","246","420","5,842","No","00:01:16.9","6","--","--","--","00:38:45","00:41:19","77","118"
Running,2024-07-03 16:13:17,false,"Toronto Running","3.18","238","00:24:13","122","142","2.1","142","158","7:38","6:28","36","43","0.92","9.7","8.9","329","7:31","267","0.0","253","417","3,540","No","00:01:13.2","4","--","--","--","00:23:38","00:28:08","80","115"
Running,2024-06-12 16:09:14,false,"Toronto Running","3.93","299","00:27:52","125","147","2.4","146","171","7:05","6:05","46","49","0.97","9.5","9.2","323","7:00","289","0.0","277","432","4,112","No","00:06:34.1","4","--","--","--","00:27:23","00:30:33","79","113"
Running,2024-06-05 16:12:07,false,"Toronto Running","4.52","352","00:30:49","133","154","2.7","145","159","6:49","4:01","37","46","1.01","9.4","9.4","322","6:43","299","0.0","290","563","4,530","No","00:03:37.5","5","--","--","--","00:30:23","00:35:22","74","110"
Running,2024-05-29 15:51:47,false,"Toronto Running","5.01","382","00:35:52","132","145","2.5","146","187","7:09","5:45","41","54","0.97","9.5","9.2","325","6:54","274","0.0","264","402","5,266","No","00:00:05.8","6","--","--","--","00:34:58","00:36:59","79","119"
Running,2024-05-25 08:06:13,false,"Vancouver Running","4.32","338","00:30:42","128","145","2.5","148","156","7:07","4:55","17","20","1.01","9.4","9.4","318","6:39","287","0.0","278","474","4,552","No","00:02:07.5","5","--","--","--","00:29:46","00:32:09","1","8"
Running,2024-05-10 16:15:59,false,"Toronto Running","5.02","393","00:32:33","136","157","3.0","146","165","6:29","3:43","40","44","1.06","9.2","9.7","320","6:26","303","0.0","298","567","4,780","No","00:00:04.1","6","--","--","--","00:32:07","00:34:46","82","117"
Running,2024-05-08 15:44:51,false,"Toronto Running","5.01","380","00:31:57","133","149","2.9","147","202","6:22","5:33","43","51","1.06","9.2","9.7","314","6:21","311","0.0","305","460","4,736","No","00:00:05.4","6","--","--","--","00:31:34","00:36:29","74","114"
Running,2024-05-04 08:29:56,false,"Austin Running","4.67","365","00:32:37","132","152","2.7","148","176","6:59","6:12","34","31","0.98","9.5","9.3","319","6:49","289","0.0","280","428","4,844","No","00:04:24.5","5","--","--","--","00:32:12","00:39:45","133","155"
Running,2024-05-02 08:18:20,false,"Austin Running","4.91","384","00:34:31","130","167","2.6","148","226","7:02","5:39","38","36","0.96","9.6","9.2","321","7:00","281","0.0","275","421","5,122","No","00:00:22.3","6","--","--","--","00:34:25","00:38:58","132","155"
Running,2024-05-01 07:35:04,false,"Austin Running","5.02","392","00:34:32","135","158","2.8","145","155","6:53","5:52","38","39","0.99","9.4","9.4","324","6:54","289","0.0","281","398","5,038","No","00:00:05.8","6","--","--","--","00:34:08","00:41:24","133","158"
Running,2024-04-12 15:45:37,false,"Toronto Running","4.84","352","00:31:49","122","145","2.5","146","219","6:34","4:52","35","42","1.04","9.3","9.6","321","6:36","294","0.0","291","441","4,654","No","00:05:33.4","5","--","--","--","00:31:36","00:37:39","74","111"
Running,2024-04-11 15:48:19,false,"Toronto Running","2.40","192","00:15:37","139","155","2.5","146","155","6:31","4:27","24","19","1.04","9.3","9.6","316","6:30","313","0.0","297","477","2,312","No","00:02:35.7","3","--","--","--","00:15:20","00:16:22","89","105"
Running,2024-04-10 15:50:56,false,"Toronto Running","4.72","370","00:33:42","129","151","2.6","147","165","7:09","4:31","38","49","0.96","9.6","9.2","318","6:37","277","0.0","265","412","5,012","No","00:04:51.0","5","--","--","--","00:32:50","00:37:28","75","114"
Running,2024-03-27 11:44:15,false,"Toronto Running","4.20","339","00:30:36","139","166","2.6","146","159","7:17","5:26","43","46","0.95","9.6","9.1","323","7:13","280","0.0","267","420","4,506","No","00:01:28.2","5","--","--","--","00:29:52","00:31:28","71","107"
Running,2024-03-01 12:53:53,false,"Toronto Running","5.37","423","00:35:56","134","157","3.0","146","173","6:42","5:46","60","62","1.01","9.4","9.5","323","6:42","298","0.0","289","456","5,274","No","00:02:41.8","6","--","--","--","00:35:47","00:36:02","68","104"
Running,2024-02-27 08:45:43,false,"Toronto - Base","5.28","398","00:36:12","129","142","2.7","148","158","6:51","4:14","44","35","0.98","9.5","9.3","318","6:32","292","0.0","284","490","5,380","No","00:02:11.5","6","--","--","--","00:35:55","00:38:29","75","112"
Running,2024-02-11 15:39:43,false,"Toronto Running","5.99","469","00:38:31","134","153","3.1","148","171","6:26","5:32","71","65","1.04","9.2","9.5","312","6:22","310","0.0","302","499","5,754","No","00:06:12.9","6","--","--","--","00:38:09","00:42:18","68","113"
Running,2024-02-09 12:10:44,false,"Running","4.30","373","00:29:00","144","166","3.3","148","180","6:45","3:26","75","72","1.04","9.2","9.6","314","--","283","0.0","270","452","4,308","No","00:02:09.4","5","--","--","--","00:27:35","00:29:43","-19","16"
Running,2024-02-03 08:31:15,false,"Austin Running","3.87","321","00:23:43","162","180","3.2","149","250","6:08","1:28","12","19","1.10","9.0","9.9","310","6:03","324","0.0","316","1,330","3,534","No","00:05:27.4","4","--","--","--","00:23:41","00:23:43","58","72"
Running,2024-02-01 07:45:38,false,"Austin - Base","5.61","464","00:33:52","158","177","3.6","151","159","6:02","4:09","24","25","1.10","9.0","9.8","305","6:01","323","0.0","320","503","5,100","No","00:03:48.3","6","--","--","--","00:33:48","00:34:42","135","149"
Treadmill Running,2023-11-30 09:26:03,false,"Treadmill Running","2.90","231","00:20:26","130","144","2.5","146","153","7:03","6:34","--","--","0.99","9.4","9.3","322","--","271","0.0","262","285","2,976","No","00:06:09.3","3","--","--","--","00:19:55","00:20:26","--","--"
Treadmill Running,2023-11-24 15:42:07,false,"Treadmill Running","2.53","208","00:31:54","103","131","1.3","91","155","12:36","6:15","--","--","0.93","9.0","8.4","327","--","221","0.0","139","319","2,946","No","00:06:48.1","3","--","--","--","00:19:22","00:31:54","--","--"
Running,2023-11-08 09:55:28,false,"Running","1.04","77","00:07:52.4","119","129","0.9","148","152","7:36","6:21","3","--","0.98","9.5","9.3","323","--","266","0.0","246","311","1,164","No","00:00:14.2","2","--","--","--","00:07:07","00:07:52.4","145","149"
Running,2023-10-24 13:44:35,false,"Toronto Running","5.44","426","00:36:00","130","152","3.1","148","183","6:37","5:04","87","86","1.02","9.3","9.4","309","6:29","313","0.0","299","489","5,362","No","00:02:48.2","6","--","--","--","00:35:30","00:37:41","68","107"
Running,2023-10-05 13:48:18,false,"Toronto Running","4.47","364","00:30:12","140","169","2.9","149","165","6:46","5:34","62","69","0.99","9.4","9.3","311","6:33","306","0.0","292","466","4,546","No","00:02:52.1","5","--","--","--","00:29:49","00:31:22","78","117"
Running,2023-09-20 08:44:25,false,"Toronto - Base","5.38","453","00:34:06","153","181","3.6","152","185","6:20","5:05","61","69","1.04","9.1","9.4","303","6:17","318","0.0","308","491","5,176","No","00:00:05.5","7","--","--","--","00:33:54","00:35:00","71","108"
Running,2023-09-16 11:48:19,false,"Halton Hills Running","1.09","86","00:07:14.9","130","143","1.9","139","155","6:40","5:44","7","6","1.06","8.9","9.4","314","6:27","298","0.0","280","404","1,042","No","00:00:42.3","2","--","--","--","00:07:07","00:08:07.9","227","235"
Running,2023-09-15 09:16:30,false,"Toronto Running","2.37","189","00:13:36","152","169","2.9","151","158","5:44","5:15","17","9","1.15","8.7","10.0","298","5:41","347","0.0","339","465","2,054","No","00:02:09.1","3","--","--","--","00:13:30","00:14:05","101","119"
Running,2023-09-11 09:18:41,false,"Toronto Running","4.25","333","00:27:07","138","158","3.0","151","161","6:23","5:37","38","36","1.03","9.2","9.4","306","6:21","310","0.0","303","447","4,100","No","00:01:35.2","5","--","--","--","00:27:03","00:28:21","81","117"
Running,2023-09-09 09:26:22,false,"Toronto Running","4.37","356","00:28:55","137","154","3.1","149","172","6:37","5:28","58","56","1.02","9.3","9.5","311","6:28","306","0.0","297","447","4,340","No","00:02:13.4","5","--","--","--","00:28:23","00:29:50","77","113"
Running,2023-08-17 19:39:09,false,"Toronto Running","2.57","201","00:15:32","143","164","2.7","149","170","6:03","5:31","40","62","1.10","8.9","9.8","305","6:06","338","0.0","317","590","2,332","No","00:03:26.6","3","--","--","--","00:15:15","00:16:08","85","118"
Running,2023-08-17 17:49:44,false,"Toronto Running","2.29","178","00:14:19","137","157","2.5","147","155","6:15","5:17","31","50","1.10","9.0","9.8","311","6:09","327","0.0","306","472","2,122","No","00:01:52.3","3","--","--","--","00:13:53","00:14:48","214","249"
Running,2023-08-08 08:02:51,false,"Portland Running","4.77","397","00:31:17","139","158","3.1","150","161","6:34","5:29","87","83","1.01","9.3","9.4","311","6:31","312","0.0","299","573","4,680","No","00:04:56.6","5","--","--","--","00:31:09","00:31:17","16","52"
